{
  "schemaVersion": 1,
  "id": "cloth-api",
  "name": "Cloth API",
  "description": "Generalized API for Fabric.",
  "version": "1.5.47",
  "authors": [
    "shedaniel"
  ],
  "contact": {
    "homepage": "https://www.curseforge.com/minecraft/mc-mods/cloth-api",
    "sources": "https://github.com/shedaniel/cloth-api",
    "issues": "https://github.com/shedaniel/cloth-api/issues"
  },
  "license": "Unlicense",
  "icon": "icon.png",
  "environment": "*",
  "custom": {
    "modmenu:api": true
  }
}