{
  "schemaVersion": 1,
  "environment": "*",
  "id": "cardinal-components",
  "name": "Cardinal Components API",
  "description": "dynamically exposing components",
  "version": "2.7.11",
  "custom": {
    "modmenu:api": true
  },
  "authors": [
    {
      "name": "UpcraftLP",
      "contact": {
        "homepage": "https://twitter.com/UpcraftLP"
      }
    },
    "Pyrofab"
  ],
  "contact": {
    "homepage": "https://www.curseforge.com/minecraft/mc-mods/cardinal-components",
    "issues": "https://github.com/OnyxStudios/Cardinal-Components-API/issues",
    "sources": "https://github.com/OnyxStudios/Cardinal-Components-API"
  },
  "license": "MIT",
  "jars": [
    {
      "file": "META-INF/jars/fabric-api-base-0.2.0+9f0fb4b83a.jar"
    },
    {
      "file": "META-INF/jars/fabric-networking-v0-0.1.10+e00ecb5f3a.jar"
    },
    {
      "file": "META-INF/jars/cardinal-components-base-2.7.11.jar"
    },
    {
      "file": "META-INF/jars/cardinal-components-block-2.7.11.jar"
    },
    {
      "file": "META-INF/jars/cardinal-components-chunk-2.7.11.jar"
    },
    {
      "file": "META-INF/jars/cardinal-components-entity-2.7.11.jar"
    },
    {
      "file": "META-INF/jars/cardinal-components-item-2.7.11.jar"
    },
    {
      "file": "META-INF/jars/cardinal-components-level-2.7.11.jar"
    },
    {
      "file": "META-INF/jars/cardinal-components-scoreboard-2.7.11.jar"
    },
    {
      "file": "META-INF/jars/cardinal-components-util-2.7.11.jar"
    },
    {
      "file": "META-INF/jars/cardinal-components-world-2.7.11.jar"
    }
  ]
}